title,category,slug,code_rome,salaire_median_annuel,salaire_median_mensuel,niveau_formation,experience_requise,nb_emplois,nb_emplois_projete,perspectives_pct,perspectives_desc,variation_emploi,url
Comptables,support-entreprise,comptables,M1203,22800,1900,BTS/DUT (Bac+2),,230000,,-2,,,https://candidat.francetravail.fr/metierscope/fiche-metier/M1203
Développeurs informatiques,informatique-telecoms,developpeurs-informatiques,M1805,35688,2974,Master (Bac+5),,449400,,-2,,,https://candidat.francetravail.fr/metierscope/fiche-metier/M1805
Infirmiers en soins généraux,sante,infirmiers-soins-generaux,J1506,27600,2300,Licence (Bac+3),,559600,,3,,,https://candidat.francetravail.fr/metierscope/fiche-metier/J1506
Aides-soignants,sante,aides-soignants,J1501,24000,2000,CAP/BEP,,488700,,5,,,https://candidat.francetravail.fr/metierscope/fiche-metier/J1501
Enseignants du secondaire,enseignement-formation,enseignants-secondaire,K2107,32400,2700,Master (Bac+5),,598500,,3,,,https://candidat.francetravail.fr/metierscope/fiche-metier/K2107
Enseignants du primaire,enseignement-formation,enseignants-primaire,K2106,30000,2500,Master (Bac+5),,456500,,3,,,https://candidat.francetravail.fr/metierscope/fiche-metier/K2106
Agents de sécurité,services-collectivite,agents-securite,K2503,21600,1800,CAP/BEP,,212900,,3,,,https://candidat.francetravail.fr/metierscope/fiche-metier/K2503
Vendeurs en magasin,commerce-vente,vendeurs-magasin,D1214,18276,1523,Baccalauréat,,788900,,3,,,https://candidat.francetravail.fr/metierscope/fiche-metier/D1214
Caissiers,commerce-vente,caissiers,D1505,17100,1425,Sans diplôme,,168700,,5,,,https://candidat.francetravail.fr/metierscope/fiche-metier/D1505
Cuisiniers,hotellerie-restauration,cuisiniers,G1602,20760,1730,CAP/BEP,,219200,,5,,,https://candidat.francetravail.fr/metierscope/fiche-metier/G1602
Serveurs de restaurant,hotellerie-restauration,serveurs-restaurant,G1803,19200,1600,CAP/BEP,,207700,,5,,,https://candidat.francetravail.fr/metierscope/fiche-metier/G1803
Maçons,construction-btp,macons,F1703,23124,1927,CAP/BEP,,197900,,5,,,https://candidat.francetravail.fr/metierscope/fiche-metier/F1703
Électriciens du bâtiment,construction-btp,electriciens-batiment,F1602,23760,1980,CAP/BEP,,113500,,5,,,https://candidat.francetravail.fr/metierscope/fiche-metier/F1602
Plombiers-chauffagistes,construction-btp,plombiers-chauffagistes,F1603,23928,1994,CAP/BEP,,129000,,5,,,https://candidat.francetravail.fr/metierscope/fiche-metier/F1603
Peintres en bâtiment,construction-btp,peintres-batiment,F1606,21600,1800,CAP/BEP,,114800,,5,,,https://candidat.francetravail.fr/metierscope/fiche-metier/F1606
Conducteurs de travaux,construction-btp,conducteurs-travaux,F1201,28464,2372,BTS/DUT (Bac+2),,120100,,3,,,https://candidat.francetravail.fr/metierscope/fiche-metier/F1201
Conducteurs routiers,transport-logistique,conducteurs-routiers,N4101,25800,2150,CAP/BEP,,328300,,3,,,https://candidat.francetravail.fr/metierscope/fiche-metier/N4101
Agents de transit,transport-logistique,agents-transit,N1202,25092,2091,BTS/DUT (Bac+2),,26700,,1,,,https://candidat.francetravail.fr/metierscope/fiche-metier/N1202
Magasiniers,transport-logistique,magasiniers,N1103,19740,1645,CAP/BEP,,466500,,1,,,https://candidat.francetravail.fr/metierscope/fiche-metier/N1103
Livreurs,transport-logistique,livreurs,N4105,21000,1750,Sans diplôme,,164500,,3,,,https://candidat.francetravail.fr/metierscope/fiche-metier/N4105
Médecins généralistes,sante,medecins-generalistes,J1102,60000,5000,Doctorat (Bac+8),,292600,,3,,,https://candidat.francetravail.fr/metierscope/fiche-metier/J1102
Pharmaciens,sante,pharmaciens,J1202,42000,3500,Doctorat (Bac+8),,77400,,1,,,https://candidat.francetravail.fr/metierscope/fiche-metier/J1202
Kinésithérapeutes,sante,kinesitherapeutes,J1404,25392,2116,Master (Bac+5),,104900,,3,,,https://candidat.francetravail.fr/metierscope/fiche-metier/J1404
Chirurgiens-dentistes,sante,chirurgiens-dentistes,J1103,51660,4305,Doctorat (Bac+8),,51800,,3,,,https://candidat.francetravail.fr/metierscope/fiche-metier/J1103
Sages-femmes,sante,sages-femmes,J1104,28800,2400,Master (Bac+5),,29000,,3,,,https://candidat.francetravail.fr/metierscope/fiche-metier/J1104
Psychologues,sante,psychologues,K1104,25392,2116,Master (Bac+5),,97700,,3,,,https://candidat.francetravail.fr/metierscope/fiche-metier/K1104
Avocats,droit-justice,avocats,K1903,32400,2700,Master (Bac+5),,103350,,-2,,,https://candidat.francetravail.fr/metierscope/fiche-metier/K1903
Notaires,droit-justice,notaires,K1901,26664,2222,Master (Bac+5),,28500,,1,,,https://candidat.francetravail.fr/metierscope/fiche-metier/K1901
Agents immobiliers,banque-assurance-immobilier,agents-immobiliers,C1504,29916,2493,BTS/DUT (Bac+2),,192000,,1,,,https://candidat.francetravail.fr/metierscope/fiche-metier/C1504
Conseillers bancaires,banque-assurance-immobilier,conseillers-bancaires,C1206,24000,2000,BTS/DUT (Bac+2),,147300,,-2,,,https://candidat.francetravail.fr/metierscope/fiche-metier/C1206
Agents d'assurance,banque-assurance-immobilier,agents-assurance,C1102,24876,2073,BTS/DUT (Bac+2),,113500,,-2,,,https://candidat.francetravail.fr/metierscope/fiche-metier/C1102
Agriculteurs,agriculture-peche,agriculteurs,A1101,20268,1689,Baccalauréat,,242900,,3,,,https://candidat.francetravail.fr/metierscope/fiche-metier/A1101
Jardiniers-paysagistes,agriculture-peche,jardiniers-paysagistes,A1203,20004,1667,CAP/BEP,,263000,,5,,,https://candidat.francetravail.fr/metierscope/fiche-metier/A1203
Boulangers-pâtissiers,commerce-vente,boulangers-patissiers,D1102,21600,1800,CAP/BEP,,165100,,5,,,https://candidat.francetravail.fr/metierscope/fiche-metier/D1102
Bouchers,commerce-vente,bouchers,D1101,22800,1900,CAP/BEP,,73200,,5,,,https://candidat.francetravail.fr/metierscope/fiche-metier/D1101
Coiffeurs,services-personne,coiffeurs,D1202,18000,1500,CAP/BEP,,156800,,5,,,https://candidat.francetravail.fr/metierscope/fiche-metier/D1202
Esthéticiens,services-personne,estheticiens,D1208,18000,1500,CAP/BEP,,124100,,5,,,https://candidat.francetravail.fr/metierscope/fiche-metier/D1208
Assistants maternels,services-personne,assistants-maternels,K1303,17400,1450,CAP/BEP,,367100,,5,,,https://candidat.francetravail.fr/metierscope/fiche-metier/K1303
Aides à domicile,services-personne,aides-domicile,K1304,,,Sans diplôme,,182100,,5,,,https://candidat.francetravail.fr/metierscope/fiche-metier/K1304
Agents d'entretien,services-collectivite,agents-entretien,K2204,19032,1586,Sans diplôme,,504500,,5,,,https://candidat.francetravail.fr/metierscope/fiche-metier/K2204
Secrétaires,support-entreprise,secretaires,M1607,20700,1725,Baccalauréat,,468600,,-5,,,https://candidat.francetravail.fr/metierscope/fiche-metier/M1607
Assistants de direction,support-entreprise,assistants-direction,M1604,25524,2127,BTS/DUT (Bac+2),,198600,,-2,,,https://candidat.francetravail.fr/metierscope/fiche-metier/M1604
Responsables des ressources humaines,support-entreprise,responsables-rh,M1503,37116,3093,Master (Bac+5),,207400,,1,,,https://candidat.francetravail.fr/metierscope/fiche-metier/M1503
Contrôleurs de gestion,support-entreprise,controleurs-gestion,M1204,25200,2100,Master (Bac+5),,164100,,-2,,,https://candidat.francetravail.fr/metierscope/fiche-metier/M1204
Directeurs de magasin,commerce-vente,directeurs-magasin,D1301,33000,2750,BTS/DUT (Bac+2),,143700,,1,,,https://candidat.francetravail.fr/metierscope/fiche-metier/D1301
Responsables logistiques,transport-logistique,responsables-logistiques,N1302,29448,2454,Licence (Bac+3),,174500,,1,,,https://candidat.francetravail.fr/metierscope/fiche-metier/N1302
Techniciens de maintenance industrielle,industrie,techniciens-maintenance-industrielle,I1304,28800,2400,BTS/DUT (Bac+2),,106300,,3,,,https://candidat.francetravail.fr/metierscope/fiche-metier/I1304
Soudeurs,industrie,soudeurs,H2913,23232,1936,CAP/BEP,,34500,,5,,,https://candidat.francetravail.fr/metierscope/fiche-metier/H2913
Opérateurs de production,industrie,operateurs-production,H3302,19728,1644,CAP/BEP,,96200,,1,,,https://candidat.francetravail.fr/metierscope/fiche-metier/H3302
Ingénieurs en mécanique,industrie,ingenieurs-mecanique,H1206,41904,3492,Master (Bac+5),,153900,,-2,,,https://candidat.francetravail.fr/metierscope/fiche-metier/H1206
Techniciens qualité,industrie,techniciens-qualite,H1502,26196,2183,BTS/DUT (Bac+2),,100100,,-2,,,https://candidat.francetravail.fr/metierscope/fiche-metier/H1502
Designers graphiques,communication-media,designers-graphiques,E1205,26400,2200,Licence (Bac+3),,66300,,-2,,,https://candidat.francetravail.fr/metierscope/fiche-metier/E1205
Journalistes,communication-media,journalistes,E1106,32676,2723,Master (Bac+5),,65800,,1,,,https://candidat.francetravail.fr/metierscope/fiche-metier/E1106
Rédacteurs web,communication-media,redacteurs-web,E1104,22800,1900,Licence (Bac+3),,62450,,-5,,,https://candidat.francetravail.fr/metierscope/fiche-metier/E1104
Chargés de communication,communication-media,charges-communication,E1103,39180,3265,Master (Bac+5),,137800,,1,,,https://candidat.francetravail.fr/metierscope/fiche-metier/E1103
Community managers,communication-media,community-managers,E1101,22800,1900,Licence (Bac+3),,62450,,-2,,,https://candidat.francetravail.fr/metierscope/fiche-metier/E1101
Administrateurs systèmes et réseaux,informatique-telecoms,administrateurs-systemes-reseaux,M1801,34104,2842,Master (Bac+5),,135200,,-2,,,https://candidat.francetravail.fr/metierscope/fiche-metier/M1801
Chefs de projets informatiques,informatique-telecoms,chefs-projets-informatiques,M1803,43200,3600,Master (Bac+5),,214400,,-2,,,https://candidat.francetravail.fr/metierscope/fiche-metier/M1803
Data analysts,informatique-telecoms,data-analysts,M1403,36000,3000,Master (Bac+5),,78400,,-2,,,https://candidat.francetravail.fr/metierscope/fiche-metier/M1403
Techniciens support informatique,informatique-telecoms,techniciens-support-informatique,I1401,24000,2000,BTS/DUT (Bac+2),,101900,,-2,,,https://candidat.francetravail.fr/metierscope/fiche-metier/I1401
Architectes,construction-btp,architectes,F1101,36000,3000,Master (Bac+5),,77400,,1,,,https://candidat.francetravail.fr/metierscope/fiche-metier/F1101
Géomètres-topographes,construction-btp,geometres-topographes,F1107,27600,2300,BTS/DUT (Bac+2),,14300,,1,,,https://candidat.francetravail.fr/metierscope/fiche-metier/F1107
Mécaniciens automobiles,industrie,mecaniciens-automobiles,I1604,21900,1825,CAP/BEP,,207100,,3,,,https://candidat.francetravail.fr/metierscope/fiche-metier/I1604
Carrossiers,industrie,carrossiers,I1606,23952,1996,CAP/BEP,,61200,,3,,,https://candidat.francetravail.fr/metierscope/fiche-metier/I1606
Sapeurs-pompiers,services-collectivite,sapeurs-pompiers,K1705,30000,2500,Baccalauréat,,56900,,5,,,https://candidat.francetravail.fr/metierscope/fiche-metier/K1705
Policiers,services-collectivite,policiers,K1706,30600,2550,Baccalauréat,,193900,,3,,,https://candidat.francetravail.fr/metierscope/fiche-metier/K1706
Gendarmes,services-collectivite,gendarmes,K1707,25860,2155,Baccalauréat,,76800,,3,,,https://candidat.francetravail.fr/metierscope/fiche-metier/K1707
Éducateurs spécialisés,social,educateurs-specialises,K1207,24000,2000,Licence (Bac+3),,98700,,3,,,https://candidat.francetravail.fr/metierscope/fiche-metier/K1207
Assistants de service social,social,assistants-service-social,K1201,24000,2000,Licence (Bac+3),,109600,,5,,,https://candidat.francetravail.fr/metierscope/fiche-metier/K1201
Animateurs socioculturels,social,animateurs-socioculturels,K1206,20160,1680,Baccalauréat,,205900,,3,,,https://candidat.francetravail.fr/metierscope/fiche-metier/K1206
Directeurs généraux,direction-entreprise,directeurs-generaux,M1302,61200,5100,Master (Bac+5),,138200,,1,,,https://candidat.francetravail.fr/metierscope/fiche-metier/M1302
Directeurs financiers,direction-entreprise,directeurs-financiers,M1207,38400,3200,Master (Bac+5),,250067,,1,,,https://candidat.francetravail.fr/metierscope/fiche-metier/M1207
Responsables marketing,commerce-vente,responsables-marketing,M1705,42000,3500,Master (Bac+5),,462700,,-2,,,https://candidat.francetravail.fr/metierscope/fiche-metier/M1705
Commerciaux terrain,commerce-vente,commerciaux-terrain,D1407,31104,2592,BTS/DUT (Bac+2),,356900,,1,,,https://candidat.francetravail.fr/metierscope/fiche-metier/D1407
Télévendeurs,commerce-vente,televendeurs,D1408,17880,1490,Baccalauréat,,32050,,-5,,,https://candidat.francetravail.fr/metierscope/fiche-metier/D1408
Acheteurs,support-entreprise,acheteurs,M1101,39144,3262,Licence (Bac+3),,85200,,1,,,https://candidat.francetravail.fr/metierscope/fiche-metier/M1101
Charpentiers,construction-btp,charpentiers,F1501,24000,2000,CAP/BEP,,64700,,5,,,https://candidat.francetravail.fr/metierscope/fiche-metier/F1501
Couvreurs,construction-btp,couvreurs,F1610,24000,2000,CAP/BEP,,66900,,5,,,https://candidat.francetravail.fr/metierscope/fiche-metier/F1610
Menuisiers,industrie,menuisiers,H2206,22908,1909,CAP/BEP,,189100,,5,,,https://candidat.francetravail.fr/metierscope/fiche-metier/H2206
Techniciens en électronique,industrie,techniciens-electronique,I1305,24300,2025,BTS/DUT (Bac+2),,43800,,1,,,https://candidat.francetravail.fr/metierscope/fiche-metier/I1305
Ingénieurs en informatique,informatique-telecoms,ingenieurs-informatique,M1802,38400,3200,Master (Bac+5),,108150,,-2,,,https://candidat.francetravail.fr/metierscope/fiche-metier/M1802
Experts en cybersécurité,informatique-telecoms,experts-cybersecurite,M1806,38400,3200,Master (Bac+5),,108150,,-2,,,https://candidat.francetravail.fr/metierscope/fiche-metier/M1806
Techniciens télécoms,informatique-telecoms,techniciens-telecoms,I1307,26412,2201,BTS/DUT (Bac+2),,23800,,1,,,https://candidat.francetravail.fr/metierscope/fiche-metier/I1307
Traducteurs-interprètes,communication-media,traducteurs-interpretes,E1108,28800,2400,Master (Bac+5),,18600,,-2,,,https://candidat.francetravail.fr/metierscope/fiche-metier/E1108
Photographes,communication-media,photographes,E1201,27192,2266,Baccalauréat,,31800,,1,,,https://candidat.francetravail.fr/metierscope/fiche-metier/E1201
Techniciens audiovisuels,arts-spectacle,techniciens-audiovisuels,L1505,30000,2500,BTS/DUT (Bac+2),,46800,,-2,,,https://candidat.francetravail.fr/metierscope/fiche-metier/L1505
Comédiens,arts-spectacle,comediens,L1203,21600,1800,Licence (Bac+3),,39150,,3,,,https://candidat.francetravail.fr/metierscope/fiche-metier/L1203
Musiciens,arts-spectacle,musiciens,L1202,21600,1800,Licence (Bac+3),,39150,,3,,,https://candidat.francetravail.fr/metierscope/fiche-metier/L1202
Agents de voyage,hotellerie-restauration,agents-voyage,G1303,21936,1828,BTS/DUT (Bac+2),,37900,,1,,,https://candidat.francetravail.fr/metierscope/fiche-metier/G1303
Réceptionnistes d'hôtel,hotellerie-restauration,receptionnistes-hotel,G1703,19296,1608,Baccalauréat,,98900,,3,,,https://candidat.francetravail.fr/metierscope/fiche-metier/G1703
Guides touristiques,hotellerie-restauration,guides-touristiques,G1201,21936,1828,Licence (Bac+3),,25400,,1,,,https://candidat.francetravail.fr/metierscope/fiche-metier/G1201
Chefs de cuisine,hotellerie-restauration,chefs-cuisine,G1601,23304,1942,CAP/BEP,,64100,,5,,,https://candidat.francetravail.fr/metierscope/fiche-metier/G1601
Experts-comptables,support-entreprise,experts-comptables,M1202,38400,3200,Master (Bac+5),,250067,,-2,,,https://candidat.francetravail.fr/metierscope/fiche-metier/M1202
Auditeurs financiers,support-entreprise,auditeurs-financiers,M1202,38400,3200,Master (Bac+5),,250067,,-2,,,https://candidat.francetravail.fr/metierscope/fiche-metier/M1202
Opticiens-lunetiers,sante,opticiens-lunetiers,J1405,24252,2021,BTS/DUT (Bac+2),,58200,,1,,,https://candidat.francetravail.fr/metierscope/fiche-metier/J1405
Vétérinaires,agriculture-peche,veterinaires,A1504,51660,4305,Doctorat (Bac+8),,29500,,3,,,https://candidat.francetravail.fr/metierscope/fiche-metier/A1504
Ingénieurs agronomes,agriculture-peche,ingenieurs-agronomes,A1303,26400,2200,Master (Bac+5),,41000,,3,,,https://candidat.francetravail.fr/metierscope/fiche-metier/A1303
Ouvriers viticoles,agriculture-peche,ouvriers-viticoles,A1405,18312,1526,CAP/BEP,,112000,,5,,,https://candidat.francetravail.fr/metierscope/fiche-metier/A1405
Chercheurs,enseignement-formation,chercheurs,K2402,32544,2712,Doctorat (Bac+8),,89500,,1,,,https://candidat.francetravail.fr/metierscope/fiche-metier/K2402
Formateurs,enseignement-formation,formateurs,K2111,26880,2240,Licence (Bac+3),,153800,,1,,,https://candidat.francetravail.fr/metierscope/fiche-metier/K2111
Bibliothécaires,enseignement-formation,bibliothecaires,K1601,24000,2000,Licence (Bac+3),,74300,,3,,,https://candidat.francetravail.fr/metierscope/fiche-metier/K1601
Préparateurs en pharmacie,sante,preparateurs-pharmacie,J1307,23280,1940,BTS/DUT (Bac+2),,91700,,1,,,https://candidat.francetravail.fr/metierscope/fiche-metier/J1307
Ambulanciers,sante,ambulanciers,J1305,22800,1900,CAP/BEP,,56900,,5,,,https://candidat.francetravail.fr/metierscope/fiche-metier/J1305
Manipulateurs en radiologie,sante,manipulateurs-radiologie,J1306,25200,2100,Licence (Bac+3),,31200,,-2,,,https://candidat.francetravail.fr/metierscope/fiche-metier/J1306
Techniciens de laboratoire médical,sante,techniciens-labo-medical,J1302,25200,2100,BTS/DUT (Bac+2),,35300,,1,,,https://candidat.francetravail.fr/metierscope/fiche-metier/J1302
Agents de propreté urbaine,services-collectivite,agents-proprete-urbaine,K2303,21600,1800,Sans diplôme,,120800,,5,,,https://candidat.francetravail.fr/metierscope/fiche-metier/K2303
Conducteurs de bus,transport-logistique,conducteurs-bus,N4103,23616,1968,CAP/BEP,,125600,,3,,,https://candidat.francetravail.fr/metierscope/fiche-metier/N4103
Conducteurs de train,transport-logistique,conducteurs-train,N4301,24000,2000,Baccalauréat,,25700,,3,,,https://candidat.francetravail.fr/metierscope/fiche-metier/N4301
Pilotes d'avion,transport-logistique,pilotes-avion,N2101,39600,3300,Licence (Bac+3),,19000,,3,,,https://candidat.francetravail.fr/metierscope/fiche-metier/N2101
Mécaniciens aéronautiques,industrie,mecaniciens-aeronautiques,I1602,27876,2323,Baccalauréat,,34400,,3,,,https://candidat.francetravail.fr/metierscope/fiche-metier/I1602
Ingénieurs en énergie,industrie,ingenieurs-energie,H1206,41904,3492,Master (Bac+5),,153900,,-2,,,https://candidat.francetravail.fr/metierscope/fiche-metier/H1206
Techniciens en énergie renouvelable,industrie,techniciens-energie-renouvelable,I1306,26412,2201,BTS/DUT (Bac+2),,22000,,1,,,https://candidat.francetravail.fr/metierscope/fiche-metier/I1306
Agents d'accueil,support-entreprise,agents-accueil,M1601,19200,1600,Baccalauréat,,102900,,3,,,https://candidat.francetravail.fr/metierscope/fiche-metier/M1601
Opérateurs de saisie,support-entreprise,operateurs-saisie,M1606,21600,1800,Baccalauréat,,448300,,3,,,https://candidat.francetravail.fr/metierscope/fiche-metier/M1606
Gestionnaires de paie,support-entreprise,gestionnaires-paie,M1501,25200,2100,BTS/DUT (Bac+2),,97600,,-2,,,https://candidat.francetravail.fr/metierscope/fiche-metier/M1501
Juristes d'entreprise,droit-justice,juristes-entreprise,K1903,32400,2700,Master (Bac+5),,103350,,-2,,,https://candidat.francetravail.fr/metierscope/fiche-metier/K1903
Huissiers de justice,droit-justice,huissiers-justice,K1902,26400,2200,Master (Bac+5),,44500,,1,,,https://candidat.francetravail.fr/metierscope/fiche-metier/K1902
Greffiers,droit-justice,greffiers,K1904,26400,2200,Licence (Bac+3),,44500,,-2,,,https://candidat.francetravail.fr/metierscope/fiche-metier/K1904
Ingénieurs BTP,construction-btp,ingenieurs-btp,F1106,34056,2838,Master (Bac+5),,136800,,3,,,https://candidat.francetravail.fr/metierscope/fiche-metier/F1106
Urbanistes,services-collectivite,urbanistes,K1404,40032,3336,Master (Bac+5),,27400,,1,,,https://candidat.francetravail.fr/metierscope/fiche-metier/K1404
Agents des impôts,services-collectivite,agents-impots,K1501,32268,2689,Licence (Bac+3),,83900,,-2,,,https://candidat.francetravail.fr/metierscope/fiche-metier/K1501
Attachés territoriaux,services-collectivite,attaches-territoriaux,K1401,40032,3336,Licence (Bac+3),,27400,,1,,,https://candidat.francetravail.fr/metierscope/fiche-metier/K1401
Ingénieurs environnement,industrie,ingenieurs-environnement,H1302,36720,3060,Master (Bac+5),,53500,,-2,,,https://candidat.francetravail.fr/metierscope/fiche-metier/H1302
Techniciens en traitement des eaux,services-collectivite,techniciens-traitement-eaux,K2306,26412,2201,BTS/DUT (Bac+2),,33200,,3,,,https://candidat.francetravail.fr/metierscope/fiche-metier/K2306
Conseillers en insertion professionnelle,social,conseillers-insertion,K1801,23616,1968,Licence (Bac+3),,80200,,3,,,https://candidat.francetravail.fr/metierscope/fiche-metier/K1801
Moniteurs-éducateurs,social,moniteurs-educateurs,K1208,24000,2000,Baccalauréat,,98700,,3,,,https://candidat.francetravail.fr/metierscope/fiche-metier/K1208
Éleveurs,agriculture-peche,eleveurs,A1410,21000,1750,Baccalauréat,,174900,,5,,,https://candidat.francetravail.fr/metierscope/fiche-metier/A1410
Pêcheurs,agriculture-peche,pecheurs,A1416,,,CAP/BEP,,17900,,5,,,https://candidat.francetravail.fr/metierscope/fiche-metier/A1416
Conducteurs d'engins de chantier,construction-btp,conducteurs-engins-chantier,F1302,24000,2000,CAP/BEP,,83700,,3,,,https://candidat.francetravail.fr/metierscope/fiche-metier/F1302
Carreleurs,construction-btp,carreleurs,F1608,22800,1900,CAP/BEP,,46400,,5,,,https://candidat.francetravail.fr/metierscope/fiche-metier/F1608
Gestionnaires de patrimoine,banque-assurance-immobilier,gestionnaires-patrimoine,C1205,38976,3248,Master (Bac+5),,86400,,-2,,,https://candidat.francetravail.fr/metierscope/fiche-metier/C1205
Traders,banque-assurance-immobilier,traders,C1301,39108,3259,Master (Bac+5),,24800,,-2,,,https://candidat.francetravail.fr/metierscope/fiche-metier/C1301
Analystes financiers,banque-assurance-immobilier,analystes-financiers,C1202,39108,3259,Master (Bac+5),,41300,,-2,,,https://candidat.francetravail.fr/metierscope/fiche-metier/C1202
Moniteurs de sport,sport-loisirs,moniteurs-sport,G1204,22464,1872,Baccalauréat,,78000,,-2,,,https://candidat.francetravail.fr/metierscope/fiche-metier/G1204
Entraîneurs sportifs,sport-loisirs,entraineurs-sportifs,G1204,22464,1872,Licence (Bac+3),,78000,,5,,,https://candidat.francetravail.fr/metierscope/fiche-metier/G1204
Diététiciens,sante,dieteticiens,J1403,25392,2116,BTS/DUT (Bac+2),,14700,,1,,,https://candidat.francetravail.fr/metierscope/fiche-metier/J1403
Orthophonistes,sante,orthophonistes,J1406,25392,2116,Master (Bac+5),,36400,,3,,,https://candidat.francetravail.fr/metierscope/fiche-metier/J1406
Ergothérapeutes,sante,ergotherapeutes,J1403,25392,2116,Licence (Bac+3),,16200,,3,,,https://candidat.francetravail.fr/metierscope/fiche-metier/J1403
Opérateurs en centre d'appels,commerce-vente,operateurs-centre-appels,D1408,17880,1490,Baccalauréat,,32050,,-5,,,https://candidat.francetravail.fr/metierscope/fiche-metier/D1408
Webmasters,informatique-telecoms,webmasters,E1101,26400,2200,Licence (Bac+3),,66300,,-5,,,https://candidat.francetravail.fr/metierscope/fiche-metier/E1101
Chefs de produit,commerce-vente,chefs-produit,M1703,25800,2150,Master (Bac+5),,111700,,-2,,,https://candidat.francetravail.fr/metierscope/fiche-metier/M1703
Logisticiens,transport-logistique,logisticiens,N1301,28800,2400,BTS/DUT (Bac+2),,61200,,1,,,https://candidat.francetravail.fr/metierscope/fiche-metier/N1301
Déclarants en douane,transport-logistique,declarants-douane,N1202,21936,1828,BTS/DUT (Bac+2),,23900,,1,,,https://candidat.francetravail.fr/metierscope/fiche-metier/N1202
Techniciens frigoristes,industrie,techniciens-frigoristes,I1306,26412,2201,CAP/BEP,,22000,,3,,,https://candidat.francetravail.fr/metierscope/fiche-metier/I1306
Chaudronniers,industrie,chaudronniers,H2902,24000,2000,CAP/BEP,,54200,,5,,,https://candidat.francetravail.fr/metierscope/fiche-metier/H2902
Usineurs,industrie,usineurs,H2903,23988,1999,CAP/BEP,,85400,,1,,,https://candidat.francetravail.fr/metierscope/fiche-metier/H2903
Conducteurs de ligne de production,industrie,conducteurs-ligne-production,H2301,23604,1967,CAP/BEP,,93800,,1,,,https://candidat.francetravail.fr/metierscope/fiche-metier/H2301
